player_name,position,team_name,competition,minutes,nineties,matches_played,min_pct,buts_p90,passes_p90,tirs_p90,precision_tir,tacles_p90,int_p90,fd_p90,fls_p90,crs_p90,ppm,xg_p90,xa_p90,npxg_p90,np_goals_p90,coef_club,bonus_age,coef_fiab,mf_type,score_brut,alterscore,age
Ethan Nwaneri,MF,Arsenal,ENG-Premier League,495,5.5,15,36.7,0.36,0.18,2.73,0.2,0.18,0.55,0.18,1.09,2.0,2.24,0.16,0.18,0.16,0.36,0.767,1.4,0.665,MF_OFF,5.2,2.7,19
Myles Lewis-Skelly,MF,Arsenal,ENG-Premier League,619,6.88,19,36.2,0.0,0.0,0.29,0.0,0.73,0.58,1.74,1.31,0.0,2.24,0.02,0.03,0.02,0.0,0.767,1.4,0.7063333333333334,MF_DEF,3.8,2.1,19
Eli Junior Kroupi,MF,Bournemouth,ENG-Premier League,1600,17.78,32,55.6,0.73,0.0,2.59,0.457,0.34,0.45,0.62,1.52,0.51,1.5,0.5,0.1,0.41,0.62,0.938,1.4,1.0,MF_OFF,5.8,5.4,19
Rayan,MF,Bournemouth,ENG-Premier League,1039,11.54,14,82.5,0.43,0.17,2.34,0.296,0.52,0.52,0.52,0.78,1.82,1.5,0.23,0.24,0.23,0.43,0.938,1.4,0.8463333333333334,MF_OFF,5.7,4.5,19
Veljko Milosavljević,DF,Bournemouth,ENG-Premier League,368,4.09,7,58.4,0.0,0.0,0.24,0.0,0.98,0.98,0.0,0.0,0.0,1.5,0.09,0.02,0.09,0.0,0.938,1.7,0.6226666666666667,MF_DEF,,,18
Charalampos Kostoulas,FW,Brighton,ENG-Premier League,337,3.74,20,18.7,0.53,0.27,4.81,0.444,1.6,0.27,1.87,1.87,1.34,1.39,0.6,0.34,0.6,0.53,0.963,1.7,0.6123333333333333,MF_OFF,5.3,3.1,18
Estêvão Willian,MF,Chelsea,ENG-Premier League,848,9.42,22,42.8,0.21,0.21,2.97,0.286,0.64,0.42,0.96,1.27,1.7,1.37,0.41,0.3,0.41,0.21,0.968,1.4,0.7826666666666666,MF_OFF,5.4,4.1,19
Jorrel Hato,DF,Chelsea,ENG-Premier League,1097,12.19,21,58.0,0.0,0.0,0.33,0.0,1.56,1.31,0.16,1.23,0.57,1.37,0.03,0.06,0.03,0.0,0.968,1.1,0.8656666666666666,MF_DEF,4.0,3.4,20
Joshua Acheampong,DF,Chelsea,ENG-Premier League,660,7.33,16,45.8,0.14,0.0,0.41,0.667,1.09,1.64,1.23,0.27,0.14,1.37,0.09,0.02,0.09,0.14,0.968,1.1,0.72,MF_DEF,3.8,2.6,20
Mamadou Sarr,DF,Chelsea,ENG-Premier League,1407,15.63,18,86.9,0.0,0.0,0.13,0.0,0.83,0.38,0.7,1.02,0.0,1.37,0.0,0.0,0.0,0.0,0.968,1.1,0.969,MF_DEF,3.2,3.0,20
Marc Guiu,FW,Chelsea,ENG-Premier League,272,3.02,10,30.2,0.0,0.33,4.3,0.154,0.0,0.0,0.66,2.98,0.0,1.37,0.83,0.25,0.83,0.0,0.968,1.1,0.5906666666666667,MF_OFF,,,20
Tyrique George,FW,Chelsea,ENG-Premier League,334,3.71,14,26.5,0.0,0.0,2.43,0.444,1.08,0.54,0.27,2.16,2.43,1.37,0.22,0.36,0.22,0.0,0.968,1.1,0.6113333333333333,MF_DEF,2.4,1.4,20
Jaydee Canvot,DF,Crystal Palace,ENG-Premier League,1516,16.84,22,76.6,0.0,0.0,0.53,0.111,1.37,0.71,0.42,0.77,0.3,1.13,0.01,0.0,0.01,0.0,1.023,1.4,1.0,MF_DEF,3.7,3.8,19
Harrison Armstrong,MF,Everton,ENG-Premier League,500,5.56,12,46.3,0.0,0.0,0.9,0.4,1.8,0.72,2.7,1.08,0.36,1.21,0.08,0.02,0.08,0.0,1.005,1.4,0.6666666666666666,MF_DEF,4.7,3.1,19
Tyler Dibling,MF,Everton,ENG-Premier League,358,3.98,14,28.4,0.0,0.0,1.01,0.0,0.75,1.51,2.76,2.76,1.76,1.21,0.03,0.05,0.03,0.0,1.005,1.1,0.6193333333333333,MF_DEF,,,20
Joshua King,MF,Fulham,ENG-Premier League,1289,14.32,31,46.2,0.07,0.14,1.75,0.4,0.77,0.21,2.09,0.84,0.77,1.29,0.27,0.07,0.27,0.07,0.986,1.4,0.9296666666666666,MF_DEF,3.4,3.1,19
Rio Ngumoha,MF,Liverpool,ENG-Premier League,488,5.42,18,30.1,0.37,0.18,2.58,0.429,0.37,0.55,1.85,0.55,3.32,1.58,0.23,0.39,0.23,0.37,0.919,2.0,0.6626666666666666,MF_OFF,6.1,3.7,17
Ayden Heaven,DF,Manchester Utd,ENG-Premier League,924,10.27,17,60.4,0.0,0.1,0.29,0.0,1.27,0.1,0.88,0.68,0.1,1.87,0.02,0.04,0.02,0.0,0.852,1.4,0.808,MF_DEF,3.4,2.3,19
Leny Yoro,DF,Manchester Utd,ENG-Premier League,1723,19.14,31,61.8,0.0,0.0,0.47,0.333,0.99,1.57,0.26,0.84,0.16,1.87,0.07,0.01,0.07,0.0,0.852,1.1,1.0,MF_DEF,3.9,3.3,20
Lewis Miley,MF,Newcastle United,ENG-Premier League,1496,16.62,23,72.3,0.06,0.24,0.72,0.333,1.08,1.2,0.24,0.3,2.53,1.26,0.08,0.14,0.08,0.06,0.993,1.1,0.9986666666666666,MF_DEF,3.8,3.8,20
Chris Rigg,MF,Sunderland,ENG-Premier League,760,8.44,17,49.7,0.12,0.12,1.42,0.25,0.95,0.47,0.95,0.95,1.3,1.42,0.09,0.14,0.09,0.12,0.956,1.7,0.7533333333333334,MF_DEF,3.7,2.7,18
Archie Gray,MF,Tottenham Hotspur,ENG-Premier League,1469,16.32,23,71.0,0.12,0.12,0.67,0.455,0.49,1.04,0.12,0.74,0.74,1.05,0.1,0.1,0.1,0.12,1.042,1.1,0.9896666666666667,MF_DEF,3.2,3.3,20
Lucas Bergvall,MF,Tottenham Hotspur,ENG-Premier League,965,10.72,23,46.6,0.09,0.28,1.12,0.417,1.31,0.28,0.65,2.24,1.77,1.05,0.13,0.03,0.13,0.09,1.042,1.1,0.8216666666666667,MF_DEF,3.2,2.7,20
Oliver Scarles,DF,West Ham United,ENG-Premier League,659,7.32,13,56.3,0.0,0.0,0.41,0.0,2.6,1.78,0.96,0.96,4.78,1.0,0.03,0.13,0.03,0.0,1.053,1.1,0.7196666666666667,MF_DEF,5.7,4.3,20
Mateus Mane,MF,Wolves,ENG-Premier League,1705,18.94,26,72.9,0.16,0.05,1.95,0.432,0.69,0.21,2.38,1.37,4.22,0.58,0.1,0.17,0.1,0.16,1.15,1.7,1.0,MF_DEF,3.8,4.4,18
Pedro Lima,MF,Wolves,ENG-Premier League,251,2.79,8,34.9,0.0,0.0,1.08,0.0,1.43,1.43,0.36,2.15,3.58,0.58,0.18,0.08,0.18,0.0,1.15,1.4,0.5836666666666667,MF_DEF,,,19
Youssef Lekhedim,DF,Alavés,ESP-La Liga,1335,14.83,25,59.3,0.0,0.07,0.74,0.273,0.67,0.81,0.88,1.62,4.11,1.05,0.05,0.19,0.05,0.0,1.042,1.4,0.9450000000000001,MF_DEF,4.3,4.2,19
Javier Boñar,DF,Atlético Madrid,ESP-La Liga,299,3.32,4,83.1,0.3,0.0,0.6,0.5,0.9,0.0,0.6,0.6,0.9,1.74,0.12,0.04,0.12,0.3,0.882,1.1,0.5996666666666667,MF_OFF,,,20
Julio Diaz,DF,Atlético Madrid,ESP-La Liga,310,3.44,4,86.1,0.0,0.29,0.29,0.0,0.87,1.16,0.87,1.16,1.74,1.74,0.01,0.17,0.01,0.0,0.882,1.1,0.6033333333333333,MF_DEF,,,20
Obed Vargas,MF,Atlético Madrid,ESP-La Liga,740,8.22,12,68.5,0.0,0.12,0.61,0.0,1.95,0.97,1.09,0.49,0.73,1.74,0.02,0.02,0.02,0.0,0.882,1.4,0.7466666666666667,MF_DEF,4.8,3.2,19
Rodrigo Mendoza,MF,Atlético Madrid,ESP-La Liga,1228,13.64,24,56.9,0.07,0.07,1.25,0.235,0.88,0.37,1.69,2.2,1.39,1.74,0.08,0.1,0.08,0.07,0.882,1.1,0.9093333333333333,MF_DEF,3.7,3.0,20
Dro Fernández,MF,Barcelona,ESP-La Liga,774,8.6,16,53.8,0.12,0.0,1.05,0.333,0.58,1.05,1.51,1.05,0.47,2.42,0.14,0.04,0.14,0.12,0.725,2.0,0.758,MF_DEF,4.7,2.6,17
Gavi,MF,Barcelona,ESP-La Liga,573,6.37,11,57.9,0.0,0.16,0.0,,1.26,0.47,2.2,1.73,0.31,2.42,0.0,0.11,0.0,0.0,0.725,1.1,0.6910000000000001,MF_DEF,4.3,2.2,20
Lamine Yamal,MF,Barcelona,ESP-La Liga,2262,25.13,28,89.8,0.64,0.44,4.66,0.316,0.8,0.32,2.07,1.11,3.06,2.42,0.58,0.5,0.47,0.52,0.725,1.7,1.0,MF_OFF,8.1,5.9,18
Marc Bernal,MF,Barcelona,ESP-La Liga,790,8.78,22,39.9,0.23,0.11,0.8,0.286,2.16,1.37,1.25,1.71,0.11,2.42,0.12,0.08,0.12,0.23,0.725,1.7,0.7633333333333333,MF_DEF,5.6,3.1,18
Pau Cubarsí,DF,Barcelona,ESP-La Liga,2703,30.03,31,96.9,0.03,0.0,0.33,0.2,0.93,1.0,0.3,0.83,0.0,2.42,0.02,0.01,0.02,0.03,0.725,1.7,1.0,MF_DEF,4.4,3.2,18
Roony Bardghji,MF,Barcelona,ESP-La Liga,648,7.2,21,34.3,0.14,0.14,3.06,0.545,0.56,0.28,1.11,0.97,7.5,2.42,0.24,0.27,0.24,0.14,0.725,1.4,0.716,MF_OFF,5.1,2.6,19
Jones El-Abdellaoui,MF,Celta Vigo,ESP-La Liga,681,7.57,22,34.4,0.26,0.0,2.25,0.235,0.4,0.4,0.4,0.92,3.96,1.47,0.31,0.07,0.31,0.26,0.945,1.4,0.727,MF_OFF,4.2,2.9,19
Buba Sangaré,DF,Elche,ESP-La Liga,538,5.98,12,49.8,0.0,0.0,0.33,0.0,2.01,1.34,1.17,3.85,2.01,1.0,0.02,0.0,0.02,0.0,1.053,2.0,0.6793333333333333,MF_DEF,5.8,4.1,17
Héctor Fort,DF,Elche,ESP-La Liga,482,5.36,14,38.3,0.37,0.37,2.24,0.417,0.56,0.93,0.19,0.93,1.49,1.0,0.13,0.04,0.13,0.37,1.053,1.7,0.6606666666666667,MF_OFF,,,18
Luca Koleosho,MF,Espanyol,ESP-La Liga,617,6.86,19,36.1,0.44,0.15,2.62,0.556,2.33,0.58,0.58,1.9,2.92,1.18,0.4,0.24,0.4,0.44,1.012,1.1,0.7056666666666667,MF_DEF,3.9,2.8,20
Adrián Liso,FW,Getafe,ESP-La Liga,1702,18.91,28,67.5,0.16,0.0,1.37,0.385,1.16,0.21,2.27,2.06,2.22,1.37,0.15,0.01,0.15,0.16,0.968,1.1,1.0,MF_DEF,3.2,3.1,20
Davinchi,DF,Getafe,ESP-La Liga,700,7.78,14,55.6,0.0,0.0,0.51,0.5,2.19,0.9,0.26,3.47,2.57,1.37,0.03,0.01,0.03,0.0,0.968,2.0,0.7333333333333334,MF_DEF,5.7,4.0,17
Claudio Echeverri,FW,Girona,ESP-La Liga,758,8.42,23,36.6,0.12,0.12,2.61,0.318,0.83,0.24,1.9,0.95,2.49,0.74,0.01,0.0,0.01,0.0,1.113,1.4,0.7526666666666666,MF_DEF,2.7,2.3,19
Jhon Solis,MF,Girona,ESP-La Liga,380,4.22,12,35.2,0.0,0.0,0.71,0.667,0.71,0.95,1.66,0.47,0.0,0.74,0.04,0.01,0.04,0.0,1.113,1.1,0.6266666666666667,MF_DEF,,,20
Joel Roca,MF,Girona,ESP-La Liga,1473,16.37,32,51.1,0.18,0.06,2.93,0.333,0.67,0.12,2.75,0.79,2.02,0.74,0.28,0.12,0.28,0.18,1.113,1.1,0.991,MF_DEF,3.1,3.4,20
Vitor Reis,DF,Girona,ESP-La Liga,3138,34.87,36,96.9,0.03,0.03,0.54,0.211,0.92,1.0,0.69,1.15,0.0,0.74,0.06,0.02,0.06,0.03,1.113,1.4,1.0,MF_DEF,3.8,4.2,19
Alan Matturro,DF,Levante,ESP-La Liga,947,10.52,19,55.4,0.1,0.1,0.76,0.125,1.24,0.57,0.95,0.67,0.0,0.95,0.09,0.11,0.09,0.1,1.065,1.1,0.8156666666666667,MF_DEF,3.1,2.7,20
Carlos Espí,FW,Levante,ESP-La Liga,1343,14.92,25,59.7,0.74,0.0,3.82,0.421,0.47,0.6,1.68,2.08,0.07,0.95,0.66,0.05,0.66,0.74,1.065,1.1,0.9476666666666667,MF_OFF,5.2,5.2,20
Kareem Tunde,MF,Levante,ESP-La Liga,1133,12.59,21,59.9,0.0,0.08,1.67,0.143,0.87,1.11,1.91,1.27,0.87,0.95,0.1,0.05,0.1,0.0,1.065,1.4,0.8776666666666666,MF_DEF,4.2,3.9,19
Paco Cortés,MF,Levante,ESP-La Liga,472,5.24,12,43.7,0.0,0.0,2.29,0.333,0.19,0.38,1.15,1.15,3.82,0.95,0.1,0.19,0.1,0.0,1.065,2.0,0.6573333333333333,MF_DEF,3.2,2.2,17
Jan Virgili,MF,Mallorca,ESP-La Liga,1792,19.91,31,64.2,0.1,0.2,1.61,0.5,0.5,0.35,1.21,1.1,2.36,0.84,0.13,0.19,0.13,0.1,1.09,1.4,1.0,MF_OFF,4.3,4.7,19
Justin-Noël Kalumba,FW,Mallorca,ESP-La Liga,305,3.39,7,48.4,0.0,0.0,0.59,0.0,1.18,0.29,2.06,1.47,5.01,0.84,0.0,0.08,0.0,0.0,1.09,1.1,0.6016666666666667,MF_DEF,1.8,1.2,20
Marc Domenech,MF,Mallorca,ESP-La Liga,214,2.38,7,34.0,0.0,0.42,1.26,0.0,0.84,0.0,1.26,1.26,2.94,0.84,0.05,0.21,0.05,0.0,1.09,1.4,0.5713333333333334,MF_OFF,,,19
Jozhua Vertrouwd,DF,Rayo Vallecano,ESP-La Liga,446,4.96,9,55.1,0.0,0.0,0.2,0.0,0.6,0.81,0.6,1.21,0.0,1.32,0.02,0.02,0.02,0.0,0.979,1.1,0.6486666666666667,MF_DEF,,,20
Nobel Mendy,DF,Rayo Vallecano,ESP-La Liga,1797,19.97,24,83.2,0.1,0.0,0.55,0.273,0.75,1.15,0.6,1.6,0.3,1.32,0.11,0.02,0.11,0.1,0.979,1.1,1.0,MF_DEF,3.7,3.6,20
Pablo Garcia,MF,Real Betis,ESP-La Liga,388,4.31,15,28.7,0.0,0.0,3.02,0.308,1.16,0.7,2.09,1.16,0.7,1.63,0.33,0.01,0.33,0.0,0.908,1.4,0.6293333333333333,MF_DEF,,,19
Arda Güler,MF,Real Madrid,ESP-La Liga,2014,22.38,33,67.8,0.18,0.4,2.19,0.388,1.25,0.36,1.43,0.94,5.76,2.13,0.21,0.4,0.21,0.18,0.792,1.1,1.0,MF_OFF,5.7,4.5,20
Dean Huijsen,DF,Real Madrid,ESP-La Liga,2034,22.6,28,80.7,0.09,0.09,0.88,0.25,0.8,0.8,0.58,0.93,0.04,2.13,0.1,0.05,0.1,0.09,0.792,1.1,1.0,MF_DEF,3.6,2.9,20
Endrick,FW,Real Madrid,ESP-La Liga,1227,13.63,17,80.2,0.37,0.51,3.67,0.52,0.66,0.15,1.61,1.54,3.82,2.13,0.48,0.33,0.42,0.29,0.792,1.4,0.909,MF_OFF,5.7,4.1,19
Franco Mastantuono,MF,Real Madrid,ESP-La Liga,1037,11.52,23,50.1,0.09,0.0,2.6,0.233,1.04,0.26,2.6,1.56,2.69,2.13,0.23,0.25,0.23,0.09,0.792,2.0,0.8456666666666667,MF_DEF,4.6,3.1,17
Thiago Pinar,MF,Real Madrid,ESP-La Liga,592,6.58,10,65.8,0.0,0.3,0.91,0.333,0.61,1.06,1.06,1.82,0.0,2.13,0.05,0.14,0.05,0.0,0.792,2.0,0.6973333333333334,MF_DEF,4.7,2.6,17
Jon Martin,DF,Real Sociedad,ESP-La Liga,2250,25.0,25,100.0,0.08,0.0,0.6,0.333,0.64,1.4,0.48,0.72,0.0,1.24,0.1,0.01,0.1,0.08,0.998,1.4,1.0,MF_DEF,4.0,4.0,19
Orri Steinn Óskarsson,FW,Real Sociedad,ESP-La Liga,835,9.28,20,46.4,0.97,0.0,2.91,0.704,0.54,0.11,0.75,1.62,0.54,1.24,0.79,0.05,0.79,0.97,0.998,1.1,0.7783333333333333,MF_OFF,5.9,4.6,20
Wesley,MF,Real Sociedad,ESP-La Liga,2536,28.18,35,80.5,0.18,0.0,0.92,0.5,1.42,0.82,2.06,1.38,3.48,1.24,0.09,0.19,0.09,0.18,0.998,1.1,1.0,MF_DEF,4.5,4.5,20
Stanis Idumbo,MF,Sevilla,ESP-La Liga,216,2.4,9,26.7,0.42,0.42,2.92,0.286,1.25,0.0,0.83,1.25,0.42,1.11,0.02,0.11,0.02,0.0,1.028,1.1,0.572,MF_OFF,,,20
Alex Freeman,DF,Villarreal,ESP-La Liga,346,3.84,9,42.7,0.0,0.0,0.26,0.0,2.08,1.3,0.78,0.52,0.26,1.79,0.0,0.0,0.0,0.0,0.871,1.1,0.6153333333333333,MF_DEF,,,20
Pau Navarro,DF,Villarreal,ESP-La Liga,1921,21.34,23,92.8,0.0,0.0,0.09,1.0,1.64,0.84,0.52,1.59,0.09,1.79,0.0,0.02,0.0,0.0,0.871,1.1,1.0,MF_DEF,4.2,3.7,20
Emmanuel Biumla,DF,Angers,FRA-Ligue 1,387,4.3,9,47.8,0.0,0.0,0.47,0.0,1.16,0.47,1.4,1.86,0.23,0.88,0.01,0.0,0.01,0.0,1.081,1.1,0.629,MF_DEF,,,20
Harouna Djibrin,MF,Angers,FRA-Ligue 1,336,3.73,15,24.9,0.54,0.27,1.88,0.429,1.07,1.34,2.14,2.41,2.14,0.88,0.34,0.17,0.34,0.54,1.081,1.7,0.612,MF_OFF,,,18
Lanroy Machine,FW,Angers,FRA-Ligue 1,519,5.77,22,26.2,0.17,0.0,2.6,0.267,0.69,0.0,0.87,1.56,0.87,0.88,0.31,0.03,0.31,0.17,1.081,1.4,0.673,MF_DEF,2.9,2.1,19
Marius Courcoul,MF,Angers,FRA-Ligue 1,374,4.16,18,23.1,0.0,0.0,0.48,0.5,2.16,0.72,0.72,1.44,0.0,0.88,0.01,0.03,0.01,0.0,1.081,1.7,0.6246666666666667,MF_DEF,,,18
Marius Louer,DF,Angers,FRA-Ligue 1,543,6.03,9,67.0,0.0,0.0,0.0,,2.65,0.33,0.5,1.16,1.49,0.88,0.0,0.04,0.0,0.0,1.081,1.7,0.681,MF_DEF,4.7,3.5,18
Prosper Peter,FW,Angers,FRA-Ligue 1,1273,14.14,29,48.8,0.35,0.0,1.63,0.609,0.21,0.28,2.12,2.12,0.0,0.88,0.43,0.06,0.43,0.35,1.081,2.0,0.9243333333333333,MF_OFF,4.4,4.4,17
Sidiki Cherif,FW,Angers,FRA-Ligue 1,1157,12.86,19,67.7,0.31,0.0,2.18,0.429,0.23,0.47,1.24,1.17,0.47,0.88,0.22,0.05,0.22,0.31,1.081,1.7,0.8856666666666666,MF_OFF,4.1,3.9,18
Ibrahim Osman,MF,Auxerre,FRA-Ligue 1,625,6.94,14,49.6,0.0,0.29,2.59,0.333,1.01,0.86,2.02,1.01,1.44,1.12,0.28,0.17,0.28,0.0,1.025,1.1,0.7083333333333334,MF_DEF,3.8,2.8,20
Rudy Matondo,MF,Auxerre,FRA-Ligue 1,1357,15.08,27,55.8,0.13,0.0,0.86,0.385,1.39,0.8,1.53,1.79,0.86,1.12,0.12,0.02,0.12,0.13,1.025,2.0,0.9523333333333333,MF_DEF,4.7,4.6,17
Telli Siwe,DF,Auxerre,FRA-Ligue 1,315,3.5,4,87.5,0.0,0.0,0.57,0.5,1.14,1.43,0.0,0.86,0.0,1.12,0.02,0.01,0.02,0.0,1.025,1.1,0.605,MF_DEF,,,20
Hamidou Makalou,MF,Brest,FRA-Ligue 1,341,3.79,17,22.3,0.0,0.0,1.06,0.25,1.32,1.32,1.06,0.26,3.69,0.94,0.03,0.29,0.03,0.0,1.067,1.4,0.6136666666666667,MF_DEF,,,19
Luck Zogbé,DF,Brest,FRA-Ligue 1,288,3.2,9,35.6,0.0,0.0,0.94,0.0,1.56,0.94,1.56,2.19,3.44,0.94,0.01,0.03,0.01,0.0,1.067,1.1,0.596,MF_DEF,,,20
Raphael Le Guen,DF,Brest,FRA-Ligue 1,375,4.17,6,69.4,0.0,0.0,0.96,0.25,0.72,2.64,0.0,0.96,0.0,0.94,0.06,0.0,0.06,0.0,1.067,1.7,0.625,MF_DEF,,,18
Enzo Koffi Vinette,DF,Le Havre,FRA-Ligue 1,385,4.28,14,30.6,0.0,0.0,0.93,0.5,2.34,2.34,2.34,2.8,5.61,1.0,0.08,0.06,0.08,0.0,1.053,1.4,0.6283333333333333,MF_DEF,,,19
Kenny Quetant,FW,Le Havre,FRA-Ligue 1,372,4.13,9,45.9,0.24,0.0,1.94,0.25,0.0,0.24,0.73,1.45,0.24,1.0,0.24,0.01,0.24,0.24,1.053,1.4,0.624,MF_OFF,3.2,2.1,19
Simon Ebonog,MF,Le Havre,FRA-Ligue 1,1759,19.54,30,65.1,0.05,0.0,1.13,0.182,1.07,1.23,1.74,1.48,0.82,1.0,0.1,0.02,0.1,0.05,1.053,1.1,1.0,MF_DEF,4.3,4.5,20
Stephan Zagadou,DF,Le Havre,FRA-Ligue 1,495,5.5,8,68.8,0.18,0.0,0.18,1.0,0.91,0.18,0.18,1.27,0.0,1.0,0.02,0.02,0.02,0.18,1.053,2.0,0.665,MF_DEF,,,16
Andrija Bulatović,MF,Lens,FRA-Ligue 1,762,8.47,19,44.6,0.0,0.47,1.3,0.455,2.48,0.94,2.36,2.24,6.61,1.53,0.11,0.34,0.11,0.0,0.931,1.7,0.754,MF_DEF,5.6,3.9,18
Ismaëlo Ganiou,DF,Lens,FRA-Ligue 1,2014,22.38,23,97.3,0.13,0.0,0.98,0.182,1.21,1.3,0.98,1.12,0.76,1.53,0.1,0.02,0.1,0.13,0.931,1.1,1.0,MF_DEF,4.5,4.2,20
Nidal Čelik,DF,Lens,FRA-Ligue 1,616,6.84,8,85.6,0.0,0.0,0.15,1.0,1.46,1.32,0.15,1.9,0.15,1.53,0.02,0.0,0.02,0.0,0.931,1.4,0.7053333333333334,MF_DEF,4.4,2.9,19
Rayan Fofana,FW,Lens,FRA-Ligue 1,798,8.87,25,35.5,0.56,0.0,4.06,0.333,0.45,0.11,3.83,1.69,0.68,1.53,0.71,0.04,0.71,0.56,0.931,1.4,0.766,MF_OFF,4.7,3.4,19
Ayyoub Bouaddi,MF,Lille,FRA-Ligue 1,2321,25.79,30,86.0,0.0,0.04,0.62,0.313,1.55,1.05,0.93,1.43,0.78,1.88,0.04,0.08,0.04,0.0,0.85,2.0,1.0,MF_DEF,5.3,4.5,17
Ethan Mbappé,MF,Lille,FRA-Ligue 1,567,6.3,18,35.0,0.48,0.16,2.22,0.5,1.11,0.32,1.43,1.11,5.4,1.88,0.3,0.24,0.3,0.48,0.85,1.7,0.6890000000000001,MF_OFF,5.9,3.5,18
Marius Broholm,MF,Lille,FRA-Ligue 1,279,3.1,11,28.2,0.32,0.32,1.29,0.75,1.94,0.65,2.58,1.29,4.52,1.88,0.31,0.18,0.07,0.0,0.85,1.1,0.593,MF_DEF,,,20
Matias Fernandez-Pardo,FW,Lille,FRA-Ligue 1,2370,26.33,29,90.8,0.3,0.19,2.58,0.441,0.53,0.3,1.52,0.57,2.16,1.88,0.42,0.18,0.36,0.23,0.85,1.1,1.0,MF_OFF,4.5,3.8,20
Ngal'Ayel Mukau,MF,Lille,FRA-Ligue 1,1534,17.04,30,56.8,0.06,0.0,1.17,0.25,1.06,0.82,1.35,1.58,0.29,1.88,0.15,0.03,0.15,0.06,0.85,1.1,1.0,MF_DEF,4.0,3.4,20
Noah Edjouma,MF,Lille,FRA-Ligue 1,348,3.87,15,25.8,0.0,0.0,2.58,0.3,1.81,0.78,1.55,1.29,4.65,1.88,0.17,0.13,0.17,0.0,0.85,1.4,0.616,MF_DEF,,,19
Abdoulaye Faye,DF,Lorient,FRA-Ligue 1,1444,16.04,17,94.4,0.0,0.0,0.5,0.25,1.5,1.75,0.94,1.56,0.25,0.71,0.04,0.0,0.04,0.0,1.12,1.1,0.9813333333333334,MF_DEF,4.5,4.9,20
Arsène Kouassi,MF,Lorient,FRA-Ligue 1,2605,28.94,31,93.4,0.07,0.21,0.31,0.556,0.62,0.83,1.83,0.52,4.11,0.71,0.02,0.17,0.02,0.07,1.12,1.1,1.0,MF_DEF,3.7,4.1,20
Arthur Avom,MF,Lorient,FRA-Ligue 1,2119,23.54,31,75.9,0.08,0.04,0.89,0.286,1.32,1.19,1.61,0.98,1.91,0.71,0.04,0.13,0.04,0.08,1.12,1.1,1.0,MF_DEF,4.3,4.8,20
Afonso Moreira,MF,Lyon,FRA-Ligue 1,1722,19.13,27,70.9,0.21,0.37,2.09,0.35,1.15,0.63,2.98,1.41,6.22,1.76,0.17,0.31,0.17,0.21,0.878,1.1,1.0,MF_DEF,4.5,4.0,20
Khalis Merah,MF,Lyon,FRA-Ligue 1,1130,12.56,22,57.1,0.0,0.08,0.48,0.5,1.51,0.48,1.59,0.88,1.04,1.76,0.11,0.12,0.11,0.0,0.878,1.7,0.8766666666666667,MF_DEF,4.4,3.4,18
Malick Fofana,MF,Lyon,FRA-Ligue 1,749,8.32,12,69.4,0.24,0.12,2.28,0.474,0.6,0.36,2.64,1.32,3.49,1.76,0.33,0.27,0.33,0.24,0.878,1.1,0.7496666666666667,MF_OFF,5.4,3.6,20
Mathys De Carvalho,MF,Lyon,FRA-Ligue 1,295,3.28,11,29.8,0.0,0.0,2.13,0.286,1.83,1.22,1.52,0.61,0.61,1.76,0.11,0.01,0.11,0.0,0.878,1.1,0.5983333333333334,MF_DEF,,,20
Noah Nartey,MF,Lyon,FRA-Ligue 1,545,6.06,11,55.1,0.33,0.0,0.83,0.4,0.99,0.33,1.16,0.99,0.83,1.76,0.18,0.01,0.18,0.33,0.878,1.4,0.6816666666666666,MF_DEF,3.6,2.2,19
Sael Kumbedi,DF,Lyon,FRA-Ligue 1,1869,20.77,25,83.1,0.0,0.24,0.29,0.0,1.59,0.72,0.96,1.2,2.02,1.76,0.02,0.15,0.02,0.0,0.878,1.1,1.0,MF_DEF,4.7,4.1,20
Arthur Vermeeren,MF,Marseille,FRA-Ligue 1,828,9.2,20,46.0,0.0,0.11,0.33,0.333,1.2,1.2,0.11,1.63,0.33,2.0,0.04,0.08,0.04,0.0,0.822,1.1,0.776,MF_DEF,3.9,2.5,20
Darryl Bakola,MF,Marseille,FRA-Ligue 1,203,2.26,14,16.1,0.0,0.44,2.21,0.4,0.88,0.44,3.1,2.65,1.77,2.0,0.06,0.21,0.06,0.0,0.822,2.0,0.5676666666666667,MF_OFF,,,17
Robinio Vaz,FW,Roma,ITA-Serie A,595,6.61,26,25.4,0.76,0.3,1.97,0.615,0.61,0.76,3.18,1.51,1.06,2.0,0.1,0.0,0.1,0.15,0.896,1.7,0.6983333333333334,MF_OFF,3.9,2.4,18
Alpha Touré,MF,Metz,FRA-Ligue 1,1606,17.84,30,59.5,0.0,0.06,0.95,0.059,1.29,0.56,1.51,1.51,0.73,1.06,0.06,0.02,0.06,0.0,1.039,1.4,1.0,MF_DEF,4.0,4.2,19
Believe Munongo,MF,Metz,FRA-Ligue 1,431,4.79,11,43.5,0.0,0.0,1.04,0.2,1.46,1.25,0.42,3.55,0.42,1.06,0.04,0.03,0.04,0.0,1.039,2.0,0.6436666666666666,MF_DEF,4.8,3.2,15
Ibou Sané,FW,Metz,FRA-Ligue 1,541,6.01,16,37.6,0.17,0.17,1.0,0.5,0.5,0.17,2.5,1.5,2.33,1.06,0.06,0.16,0.06,0.17,1.039,1.1,0.6803333333333333,MF_OFF,3.0,2.1,20
Idrissa Guèye,FW,Metz,FRA-Ligue 1,553,6.14,22,27.9,0.16,0.0,3.58,0.273,0.98,0.49,1.79,2.93,0.65,1.06,0.37,0.03,0.37,0.16,1.039,1.7,0.6843333333333333,MF_DEF,3.4,2.4,18
Lucas Michal,MF,Metz,FRA-Ligue 1,271,3.01,11,27.4,0.0,0.0,2.66,0.25,0.0,0.0,1.0,1.66,1.33,1.06,0.29,0.03,0.29,0.0,1.039,1.1,0.5903333333333334,MF_OFF,,,20
Nathan Mbala,MF,Metz,FRA-Ligue 1,441,4.9,13,37.7,0.41,0.41,3.06,0.267,1.22,0.2,1.22,0.61,7.35,1.06,0.14,0.22,0.14,0.41,1.039,2.0,0.647,MF_OFF,6.9,4.6,17
Aladji Bamba,MF,Monaco,FRA-Ligue 1,816,9.07,18,50.4,0.0,0.22,0.22,0.5,2.21,0.88,1.98,2.54,0.44,2.12,0.01,0.19,0.01,0.0,0.795,1.4,0.772,MF_DEF,5.4,3.3,19
Christian Mawissa,DF,Monaco,FRA-Ligue 1,1191,13.23,18,73.5,0.0,0.0,0.15,0.5,1.89,1.13,0.91,0.91,0.38,2.12,0.02,0.03,0.02,0.0,0.795,1.1,0.897,MF_DEF,4.5,3.2,20
Eliesse Ben Seghir,MF,Monaco,FRA-Ligue 1,297,3.3,12,27.5,0.0,0.0,1.82,0.333,0.61,0.3,3.33,1.21,3.03,2.12,0.02,0.0,0.02,0.0,0.795,1.1,0.599,MF_DEF,,,20
George Ilenikhena,FW,Monaco,FRA-Ligue 1,385,4.28,15,28.5,0.47,0.0,3.5,0.467,0.0,0.0,1.4,0.47,0.0,2.12,0.3,0.05,0.3,0.47,0.795,1.7,0.6283333333333333,MF_OFF,4.5,2.2,18
Kassoum Ouattara,MF,Monaco,FRA-Ligue 1,967,10.74,15,71.6,0.0,0.28,1.12,0.0,1.77,1.77,0.93,2.05,4.66,2.12,0.11,0.25,0.11,0.0,0.795,1.1,0.8223333333333334,MF_DEF,5.4,3.5,20
Bahereba Guirassy,FW,Nantes,FRA-Ligue 1,821,9.12,20,45.6,0.22,0.11,1.64,0.467,1.43,0.55,0.99,1.64,2.63,1.18,0.22,0.11,0.22,0.22,1.012,1.7,0.7736666666666667,MF_DEF,3.8,3.0,18
Bahmed Deuff,MF,Nantes,FRA-Ligue 1,250,2.78,11,25.3,0.0,0.0,2.52,0.429,1.08,0.72,1.08,2.16,0.36,1.18,0.09,0.06,0.09,0.0,1.012,1.4,0.5833333333333334,MF_DEF,,,19
Dehmaine Assoumani,MF,Nantes,FRA-Ligue 1,1276,14.18,27,52.5,0.07,0.0,2.05,0.241,1.27,1.13,1.41,1.62,6.21,1.18,0.13,0.14,0.13,0.07,1.012,1.1,0.9253333333333333,MF_DEF,4.2,3.9,20
Louis Leroux,MF,Nantes,FRA-Ligue 1,1441,16.01,23,69.6,0.06,0.06,0.94,0.2,1.44,0.31,0.87,0.75,1.87,1.18,0.1,0.05,0.1,0.06,1.012,1.4,0.9803333333333333,MF_DEF,3.7,3.7,19
Mathieu Acapandié,DF,Nantes,FRA-Ligue 1,261,2.9,6,48.3,0.0,0.0,0.0,,0.34,1.03,0.0,1.03,3.79,1.18,0.0,0.1,0.0,0.0,1.012,1.1,0.587,MF_DEF,,,20
Tylel Tati,DF,Nantes,FRA-Ligue 1,1721,19.12,20,95.6,0.0,0.0,0.16,0.0,0.68,0.73,0.78,1.31,0.05,1.18,0.03,0.0,0.03,0.0,1.012,2.0,1.0,MF_DEF,4.1,4.1,17
Abdulai Juma Bah,DF,Nice,FRA-Ligue 1,1958,21.76,26,83.7,0.0,0.0,0.32,0.286,0.83,1.38,0.32,1.24,0.0,1.65,0.05,0.07,0.05,0.0,0.903,1.4,1.0,MF_DEF,4.1,3.7,19
Badredine Bouanani,MF,Nice,FRA-Ligue 1,556,6.18,16,38.6,0.0,0.0,2.75,0.235,0.49,0.81,1.29,0.16,5.02,1.65,0.17,0.09,0.17,0.0,0.903,1.1,0.6853333333333333,MF_DEF,3.2,2.0,20
Kaïl Boudache,MF,Nice,FRA-Ligue 1,531,5.9,13,45.4,0.17,0.0,2.2,0.154,1.53,1.02,0.68,0.85,1.36,1.65,0.48,0.03,0.48,0.17,0.903,1.4,0.677,MF_DEF,4.2,2.6,19
Désiré Doué,FW,PSG,FRA-Ligue 1,1348,14.98,23,65.1,0.47,0.27,3.67,0.345,1.34,0.8,1.87,1.6,3.74,2.53,0.55,0.26,0.5,0.47,0.7,1.1,0.9493333333333334,MF_OFF,5.2,3.5,20
Ibrahim Mbaye,FW,PSG,FRA-Ligue 1,1006,11.18,24,46.6,0.27,0.18,2.15,0.417,0.63,0.36,1.16,0.89,1.43,2.53,0.31,0.21,0.31,0.27,0.7,2.0,0.8353333333333333,MF_OFF,4.6,2.7,17
João Neves,MF,PSG,FRA-Ligue 1,1287,14.3,21,68.1,0.35,0.07,1.89,0.222,0.98,0.42,0.91,0.91,0.28,2.53,0.22,0.17,0.22,0.35,0.7,1.1,0.929,MF_DEF,3.7,2.4,20
Quentin Ndjantou,MF,PSG,FRA-Ligue 1,360,4.0,10,40.0,0.25,0.25,2.25,0.333,0.25,0.5,0.5,1.75,1.0,2.53,0.37,0.08,0.37,0.25,0.7,1.7,0.62,MF_OFF,,,18
Senny Mayulu,MF,PSG,FRA-Ligue 1,1672,18.58,26,71.5,0.22,0.22,1.88,0.314,1.67,0.65,1.08,1.29,1.45,2.53,0.26,0.22,0.26,0.22,0.7,1.4,1.0,MF_DEF,4.7,3.3,19
Warren Zaïre-Emery,DF,PSG,FRA-Ligue 1,2447,27.19,32,85.0,0.11,0.15,0.7,0.368,1.07,0.4,0.63,1.29,0.55,2.53,0.08,0.16,0.08,0.11,0.7,1.4,1.0,MF_DEF,4.1,2.9,19
Nhoa Sangui,DF,Paris FC,FRA-Ligue 1,1737,19.3,26,74.2,0.0,0.0,0.21,0.25,0.73,1.09,0.88,0.26,1.92,0.82,0.03,0.06,0.03,0.0,1.095,1.4,1.0,MF_DEF,4.1,4.5,19
Abdelhamid Ait Boudlal,DF,Rennes,FRA-Ligue 1,1403,15.59,20,77.9,0.13,0.06,0.83,0.308,0.71,1.15,0.64,0.9,0.13,1.41,0.12,0.03,0.12,0.13,0.958,1.4,0.9676666666666667,MF_DEF,3.8,3.5,19
Jérémy Jacquet,DF,Rennes,FRA-Ligue 1,1671,18.57,19,97.7,0.0,0.0,0.59,0.273,0.92,1.18,0.92,1.08,0.0,1.41,0.04,0.03,0.04,0.0,0.958,1.1,1.0,MF_DEF,3.9,3.7,20
Kader Meïté,FW,Rennes,FRA-Ligue 1,535,5.94,17,35.0,0.51,0.34,3.7,0.318,0.34,0.17,0.67,2.02,0.51,1.41,0.72,0.22,0.72,0.51,0.958,2.0,0.6783333333333333,MF_OFF,5.6,3.6,17
Mahamadou Nagida,DF,Rennes,FRA-Ligue 1,805,8.94,19,47.1,0.0,0.0,1.45,0.231,1.34,2.24,1.23,1.57,2.24,1.41,0.07,0.02,0.07,0.0,0.958,1.1,0.7683333333333333,MF_DEF,5.3,3.9,20
Aaron Anselmino,DF,Strasbourg,FRA-Ligue 1,384,4.27,9,47.4,0.23,0.0,0.23,1.0,1.87,1.87,0.7,1.41,0.47,1.29,0.01,0.0,0.01,0.23,0.986,1.1,0.628,MF_DEF,,,20
Abdoul Ouattara,MF,Strasbourg,FRA-Ligue 1,1768,19.64,28,70.2,0.1,0.0,1.37,0.407,0.66,1.02,0.56,0.61,0.97,1.29,0.14,0.09,0.14,0.1,0.986,1.4,1.0,MF_DEF,3.7,3.6,19
Diego Moreira,MF,Strasbourg,FRA-Ligue 1,2034,22.6,27,83.7,0.18,0.27,1.28,0.379,1.11,0.88,1.19,0.75,3.94,1.29,0.1,0.31,0.1,0.18,0.986,1.1,1.0,MF_DEF,4.0,3.9,20
Gessime Yassine,MF,Strasbourg,FRA-Ligue 1,510,5.67,12,47.2,0.0,0.18,1.41,0.125,1.59,0.18,3.35,1.59,3.17,1.29,0.09,0.28,0.09,0.0,0.986,1.4,0.67,MF_DEF,4.3,2.8,19
Kendry Páez,MF,Strasbourg,FRA-Ligue 1,424,4.71,15,31.4,0.21,0.0,2.12,0.4,0.85,0.64,0.64,1.49,3.82,1.29,0.23,0.1,0.23,0.21,0.986,1.7,0.6413333333333333,MF_DEF,3.5,2.2,18
Lucas Høgsberg,DF,Strasbourg,FRA-Ligue 1,1792,19.91,24,83.0,0.0,0.0,0.2,0.25,0.45,0.65,0.65,0.8,0.0,1.29,0.01,0.0,0.01,0.0,0.986,1.4,1.0,MF_DEF,3.3,3.3,19
Mathis Amougou,MF,Strasbourg,FRA-Ligue 1,409,4.54,12,37.9,0.0,0.0,0.66,0.667,2.42,0.44,0.88,0.88,0.44,1.29,0.03,0.05,0.03,0.0,0.986,1.4,0.6363333333333333,MF_DEF,4.1,2.6,19
Max Oyedele,MF,Strasbourg,FRA-Ligue 1,446,4.96,8,61.9,0.2,0.0,0.4,0.5,1.61,1.01,1.01,1.81,0.0,1.29,0.02,0.0,0.02,0.2,0.986,1.1,0.6486666666666667,MF_DEF,4.3,2.8,20
Rafael Gonçalves,MF,Strasbourg,FRA-Ligue 1,588,6.53,12,54.4,0.0,0.15,0.77,0.6,1.53,0.61,0.31,1.07,0.61,1.29,0.03,0.08,0.03,0.0,0.986,1.1,0.696,MF_DEF,3.5,2.4,20
Samir El Mourabet,MF,Strasbourg,FRA-Ligue 1,2128,23.64,33,71.6,0.04,0.08,0.51,0.083,1.57,1.14,1.1,0.97,0.76,1.29,0.02,0.11,0.02,0.04,0.986,1.4,1.0,MF_DEF,4.6,4.5,19
Samuel Amo-Ameyaw,MF,Strasbourg,FRA-Ligue 1,1047,11.63,25,46.5,0.17,0.17,1.46,0.294,1.03,0.26,2.24,1.29,4.3,1.29,0.1,0.11,0.1,0.17,0.986,1.4,0.849,MF_DEF,3.7,3.1,19
Alexis Vossah,MF,Toulouse,FRA-Ligue 1,1092,12.13,23,52.8,0.08,0.08,0.74,0.222,0.58,0.58,0.82,1.48,0.49,1.24,0.04,0.06,0.04,0.08,0.998,2.0,0.864,MF_DEF,3.7,3.2,17
Dayann Methalie,MF,Toulouse,FRA-Ligue 1,1871,20.79,27,77.0,0.1,0.05,0.72,0.467,1.44,1.11,0.53,2.74,2.07,1.24,0.07,0.1,0.07,0.1,0.998,1.4,1.0,MF_DEF,4.6,4.6,19
Santiago Hidalgo,MF,Toulouse,FRA-Ligue 1,1306,14.51,28,51.8,0.28,0.41,2.27,0.394,1.38,0.55,2.07,2.83,0.83,1.24,0.28,0.19,0.28,0.28,0.998,1.1,0.9353333333333333,MF_OFF,6.0,5.6,20
Seny Koumbassa,DF,Toulouse,FRA-Ligue 1,444,4.93,9,54.8,0.2,0.0,0.61,0.333,1.22,0.81,0.0,0.2,0.0,1.24,0.1,0.0,0.1,0.2,0.998,1.7,0.648,MF_DEF,,,18
Mert Kömür,MF,Augsburg,GER-Bundesliga,1464,16.27,28,58.1,0.12,0.25,2.52,0.39,0.8,0.49,1.11,1.6,3.69,1.24,0.29,0.17,0.29,0.12,0.998,1.1,0.988,MF_DEF,3.3,3.3,20
Noahkai Banks,DF,Augsburg,GER-Bundesliga,1725,19.17,23,83.3,0.05,0.05,0.47,0.556,1.51,0.94,0.94,1.51,0.21,1.24,0.06,0.05,0.06,0.05,0.998,1.7,1.0,MF_DEF,4.5,4.5,18
Rodrigo Ribeiro,FW,Augsburg,GER-Bundesliga,636,7.07,14,50.5,0.28,0.0,3.68,0.269,0.42,0.57,0.42,1.41,0.42,1.24,0.65,0.0,0.65,0.28,0.998,1.1,0.712,MF_DEF,3.8,2.7,20
Lennart Karl,MF,Bayern Munich,GER-Bundesliga,1281,14.23,26,54.7,0.35,0.35,2.95,0.5,1.05,0.77,0.77,0.35,2.04,2.29,0.5,0.2,0.5,0.35,0.755,2.0,0.927,MF_OFF,6.9,4.8,17
Tom Bischof,DF,Bayern Munich,GER-Bundesliga,1302,14.47,26,55.6,0.21,0.21,2.07,0.3,1.24,1.04,0.62,1.04,1.8,2.29,0.14,0.2,0.14,0.21,0.755,1.1,0.9339999999999999,MF_DEF,4.4,3.1,20
Jobe Bellingham,MF,Dortmund,GER-Bundesliga,1786,19.84,32,62.0,0.0,0.05,0.96,0.316,1.16,2.07,1.01,0.76,0.25,1.82,0.05,0.04,0.05,0.0,0.864,1.4,1.0,MF_DEF,5.2,4.5,19
Luca Reggiani,DF,Dortmund,GER-Bundesliga,511,5.68,8,71.0,0.18,0.0,0.53,0.333,1.76,0.35,0.35,0.7,0.18,1.82,0.08,0.01,0.08,0.18,0.864,2.0,0.6703333333333333,MF_DEF,4.3,2.5,17
Samuele Inácio,MF,Dortmund,GER-Bundesliga,384,4.27,7,61.0,0.23,0.0,2.11,0.556,0.47,0.47,2.34,1.64,2.58,1.82,0.47,0.22,0.47,0.23,0.864,2.0,0.628,MF_DEF,,,17
Ayoube Amaimouni,MF,Frankfurt,GER-Bundesliga,586,6.51,17,38.3,0.31,0.46,1.84,0.583,0.77,0.31,1.54,1.23,4.61,1.62,0.09,0.1,0.09,0.31,0.91,1.1,0.6953333333333334,MF_OFF,5.4,3.4,20
Can Uzun,MF,Frankfurt,GER-Bundesliga,1156,12.84,21,61.2,0.62,0.31,3.19,0.463,0.7,0.23,2.02,1.17,1.87,1.62,0.35,0.2,0.29,0.55,0.91,1.4,0.8853333333333333,MF_OFF,7.2,5.8,19
Jean Mattéo Bahoya,MF,Frankfurt,GER-Bundesliga,1331,14.79,27,54.8,0.2,0.27,1.96,0.31,0.95,0.81,1.49,0.88,2.23,1.62,0.15,0.27,0.15,0.2,0.91,1.1,0.9436666666666667,MF_DEF,3.8,3.3,20
Oscar Højlund,MF,Frankfurt,GER-Bundesliga,1089,12.1,24,50.4,0.08,0.08,0.58,0.429,1.4,0.58,0.41,2.23,0.17,1.62,0.05,0.09,0.05,0.08,0.91,1.1,0.863,MF_DEF,3.6,2.8,20
Cyriaque Irié,MF,Freiburg,GER-Bundesliga,347,3.86,10,38.6,0.0,0.0,1.81,0.286,1.55,0.78,2.07,2.85,0.78,1.53,0.16,0.03,0.16,0.0,0.931,1.1,0.6156666666666667,MF_DEF,,,20
Ifechukwu Ogbus,DF,Freiburg,GER-Bundesliga,1177,13.08,18,72.7,0.0,0.0,0.38,0.4,1.22,0.99,0.84,0.38,0.23,1.53,0.06,0.0,0.06,0.0,0.931,1.4,0.8923333333333333,MF_DEF,4.0,3.3,19
Johan Manzambi,MF,Freiburg,GER-Bundesliga,2077,23.08,27,85.5,0.22,0.17,2.21,0.255,0.61,1.17,3.38,0.95,1.52,1.53,0.17,0.16,0.17,0.22,0.931,1.4,1.0,MF_DEF,4.9,4.6,19
Fabio Chiarodia,DF,Gladbach,GER-Bundesliga,674,7.49,15,49.9,0.0,0.0,0.53,0.25,1.2,1.74,0.13,1.07,0.0,1.12,0.13,0.0,0.13,0.0,1.025,1.1,0.7246666666666667,MF_DEF,3.7,2.7,20
Kōta Takai,DF,Gladbach,GER-Bundesliga,342,3.8,8,47.5,0.0,0.0,0.79,0.667,1.05,1.05,0.79,0.79,0.0,1.12,0.11,0.01,0.11,0.0,1.025,1.1,0.614,MF_DEF,,,20
Wael Mohya,MF,Gladbach,GER-Bundesliga,552,6.13,15,40.9,0.33,0.16,1.79,0.455,1.14,0.33,2.12,0.65,1.31,1.12,0.18,0.03,0.18,0.33,1.025,2.0,0.6839999999999999,MF_OFF,5.6,3.9,16
Alexander Røssing-Lelesiit,FW,Hamburger SV,GER-Bundesliga,321,3.57,11,32.4,0.0,0.28,0.56,1.0,0.56,0.28,1.96,3.64,1.12,0.71,0.02,0.2,0.02,0.0,1.12,1.7,0.607,MF_OFF,3.5,2.4,18
Fabio Baldé,FW,Hamburger SV,GER-Bundesliga,448,4.98,16,31.1,0.2,0.2,1.81,0.444,1.41,0.2,0.4,0.8,3.21,0.71,0.19,0.25,0.19,0.2,1.12,1.1,0.6493333333333333,MF_DEF,3.2,2.3,20
Luka Vušković,DF,Hamburger SV,GER-Bundesliga,2442,27.13,28,96.9,0.22,0.0,1.18,0.313,0.63,1.47,1.18,1.07,0.07,0.71,0.17,0.02,0.14,0.18,1.12,1.7,1.0,MF_DEF,4.3,4.8,18
Otto Stange,FW,Hamburger SV,GER-Bundesliga,293,3.26,10,32.6,0.0,0.0,2.76,0.111,0.92,0.0,1.84,1.53,1.84,0.71,0.2,0.03,0.2,0.0,1.12,1.7,0.5976666666666667,MF_DEF,,,18
Arijon Ibrahimović,MF,Heidenheim,GER-Bundesliga,2169,24.1,32,75.3,0.08,0.17,1.95,0.404,0.75,0.95,1.12,0.54,5.27,1.0,0.24,0.28,0.2,0.04,1.053,1.4,1.0,MF_DEF,3.8,4.0,19
Hannes Behrens,DF,Heidenheim,GER-Bundesliga,1318,14.64,16,91.5,0.07,0.14,0.61,0.444,1.23,1.23,1.84,0.34,4.03,1.0,0.02,0.19,0.02,0.07,1.053,1.1,0.9393333333333334,MF_DEF,5.1,5.0,20
Bazoumana Touré,MF,Hoffenheim,GER-Bundesliga,2308,25.64,30,85.5,0.2,0.35,1.87,0.271,0.86,0.23,1.13,1.72,4.6,1.29,0.2,0.28,0.2,0.2,0.986,1.4,1.0,MF_OFF,5.4,5.3,19
Max Moerstedt,FW,Hoffenheim,GER-Bundesliga,420,4.67,22,21.2,0.43,0.0,1.28,0.667,0.64,0.0,2.14,3.0,0.86,1.29,0.27,0.14,0.27,0.43,0.986,1.4,0.64,MF_OFF,3.7,2.3,19
Jahmai Simpson-Pusey,DF,Köln,GER-Bundesliga,863,9.59,11,87.2,0.0,0.0,0.63,0.5,0.83,1.25,0.42,0.42,0.21,0.59,0.03,0.01,0.03,0.0,1.148,1.4,0.7876666666666667,MF_DEF,3.6,3.3,19
Said El Mala,FW,Köln,GER-Bundesliga,1956,21.73,34,63.9,0.6,0.18,3.41,0.405,0.64,0.37,1.06,0.69,1.79,0.59,0.58,0.19,0.54,0.55,1.148,1.7,1.0,MF_OFF,5.4,6.2,18
Axel Tapé,MF,Leverkusen,GER-Bundesliga,222,2.47,6,41.1,0.0,0.0,1.21,0.333,0.4,0.4,2.83,2.83,0.0,2.12,0.06,0.0,0.06,0.0,0.795,2.0,0.574,MF_DEF,,,17
Christian Kofane,FW,Leverkusen,GER-Bundesliga,1239,13.77,29,47.5,0.36,0.29,3.34,0.413,0.51,0.15,1.23,2.18,0.0,2.12,0.58,0.16,0.58,0.36,0.795,1.4,0.913,MF_OFF,4.9,3.6,19
Ibrahim Maza,MF,Leverkusen,GER-Bundesliga,1849,20.54,28,73.4,0.15,0.19,2.63,0.315,1.17,0.78,1.75,0.93,3.12,2.12,0.29,0.21,0.29,0.15,0.795,1.4,1.0,MF_DEF,4.6,3.7,19
Jeanuël Belocian,DF,Leverkusen,GER-Bundesliga,1546,17.18,22,78.1,0.0,0.06,0.23,0.0,1.11,1.05,0.76,1.34,0.47,2.12,0.02,0.03,0.02,0.0,0.795,1.1,1.0,MF_DEF,4.2,3.3,20
Montrell Culbreath,MF,Leverkusen,GER-Bundesliga,736,8.18,12,68.1,0.12,0.0,0.98,0.25,1.96,0.98,1.34,0.61,2.93,2.12,0.25,0.05,0.25,0.12,0.795,2.0,0.7453333333333333,MF_DEF,5.5,3.3,17
Kacper Potulski,DF,Mainz 05,GER-Bundesliga,1065,11.83,15,78.9,0.08,0.0,1.18,0.357,1.27,1.61,0.42,1.44,0.17,1.35,0.22,0.05,0.22,0.08,0.972,2.0,0.855,MF_DEF,4.9,4.1,17
Nelson Weiper,FW,Mainz 05,GER-Bundesliga,558,6.2,24,25.8,0.0,0.0,2.1,0.462,0.32,0.48,0.48,0.97,0.97,1.35,0.45,0.06,0.45,0.0,0.972,1.1,0.6859999999999999,MF_DEF,2.6,1.7,20
Antonio Nusa,FW,RB Leipzig,GER-Bundesliga,2027,22.52,31,72.7,0.18,0.13,2.71,0.328,0.62,0.31,2.84,0.4,3.02,1.71,0.23,0.21,0.23,0.18,0.889,1.1,1.0,MF_OFF,3.8,3.4,20
Assan Ouédraogo,MF,RB Leipzig,GER-Bundesliga,948,10.53,19,55.4,0.38,0.28,2.56,0.481,0.57,0.28,2.09,0.38,0.38,1.71,0.27,0.29,0.27,0.38,0.889,1.4,0.8160000000000001,MF_OFF,6.2,4.5,19
Conrad Harder,FW,RB Leipzig,GER-Bundesliga,932,10.36,29,35.7,0.29,0.29,4.05,0.31,0.58,0.68,1.74,2.03,1.25,1.71,0.45,0.27,0.45,0.29,0.889,1.1,0.8106666666666666,MF_OFF,4.2,3.0,20
El Chadaille Bitshiabu,DF,RB Leipzig,GER-Bundesliga,655,7.28,11,66.2,0.0,0.0,0.27,0.0,0.82,0.82,0.0,0.55,0.0,1.71,0.02,0.01,0.02,0.0,0.889,1.1,0.7183333333333333,MF_DEF,3.1,2.0,20
Ezechiel Banzuzi,MF,RB Leipzig,GER-Bundesliga,597,6.63,24,27.6,0.0,0.15,2.26,0.267,1.51,0.9,1.06,2.11,0.75,1.71,0.19,0.05,0.19,0.0,0.889,1.1,0.6990000000000001,MF_DEF,4.0,2.5,20
Kosta Nedeljković,DF,RB Leipzig,GER-Bundesliga,251,2.79,5,55.8,0.0,0.0,0.0,,0.36,0.36,0.36,0.36,2.15,1.71,0.0,0.0,0.0,0.0,0.889,1.4,0.5836666666666667,MF_DEF,,,19
Tidiam Gomis,FW,RB Leipzig,GER-Bundesliga,348,3.87,18,21.5,0.26,0.0,2.33,0.333,0.52,0.0,0.78,1.03,1.55,1.71,0.16,0.13,0.16,0.26,0.889,1.7,0.616,MF_OFF,3.4,1.9,18
Yan Diomandé,FW,RB Leipzig,GER-Bundesliga,2472,27.47,33,83.2,0.44,0.29,1.93,0.491,0.69,0.58,1.24,0.69,1.64,1.71,0.29,0.37,0.29,0.44,0.889,1.7,1.0,MF_OFF,5.5,4.9,18
Chema,MF,Stuttgart,GER-Bundesliga,1310,14.56,25,58.2,0.21,0.0,1.03,0.4,1.1,2.13,0.55,1.37,0.0,1.06,0.14,0.08,0.14,0.21,1.039,1.1,0.9366666666666666,MF_DEF,4.6,4.5,20
Finn Jeltsch,DF,Stuttgart,GER-Bundesliga,1511,16.79,23,73.0,0.0,0.06,0.18,0.0,0.83,1.13,0.95,0.77,0.18,1.06,0.01,0.01,0.01,0.0,1.039,1.4,1.0,MF_DEF,3.8,3.9,19
Aljoscha Kemlein,MF,Union Berlin,GER-Bundesliga,1959,21.77,30,72.6,0.0,0.09,0.78,0.118,1.15,0.83,0.51,1.01,0.41,0.94,0.06,0.07,0.06,0.0,1.067,1.1,1.0,MF_DEF,3.6,3.8,20
Ilyas Ansah,MF,Union Berlin,GER-Bundesliga,1892,21.02,33,63.7,0.24,0.05,1.57,0.364,0.43,0.19,2.05,1.0,0.9,0.94,0.18,0.07,0.18,0.24,1.067,1.1,1.0,MF_OFF,4.2,4.5,20
Livan Burcu,MF,Union Berlin,GER-Bundesliga,651,7.23,18,40.2,0.14,0.14,2.21,0.188,0.97,0.28,1.94,0.83,2.07,0.94,0.3,0.07,0.3,0.14,1.067,1.1,0.717,MF_DEF,3.1,2.4,20
Tom Rothe,MF,Union Berlin,GER-Bundesliga,1029,11.43,21,54.4,0.17,0.0,1.66,0.263,1.31,1.84,0.52,0.87,3.06,0.94,0.14,0.08,0.14,0.17,1.067,1.1,0.843,MF_DEF,4.3,3.9,20
Abdoul Coulibaly,DF,Werder Bremen,GER-Bundesliga,2120,23.56,27,87.2,0.04,0.0,0.25,0.167,0.59,1.02,0.38,0.76,0.55,1.18,0.05,0.01,0.05,0.04,1.012,1.7,1.0,MF_DEF,3.9,3.9,18
Jovan Milošević,FW,Werder Bremen,GER-Bundesliga,488,5.42,13,41.7,0.55,0.18,2.21,0.333,0.37,0.0,0.55,1.48,0.55,1.18,0.43,0.04,0.43,0.55,1.012,1.1,0.6626666666666666,MF_OFF,4.3,2.9,20
Patrice Čović,MF,Werder Bremen,GER-Bundesliga,351,3.9,15,26.0,0.26,0.0,1.28,0.4,1.54,1.03,0.51,1.54,1.79,1.18,0.28,0.24,0.28,0.26,1.012,1.7,0.617,MF_DEF,,,18
Aaron Zehnter,DF,Wolfsburg,GER-Bundesliga,1456,16.18,20,80.9,0.12,0.0,0.68,0.455,0.62,0.99,0.0,0.12,2.22,1.41,0.11,0.07,0.11,0.12,0.958,1.1,0.9853333333333334,MF_DEF,3.9,3.7,20
Adam Daghim,MF,Wolfsburg,GER-Bundesliga,1364,15.16,27,56.1,0.13,0.2,1.78,0.333,1.32,0.73,1.52,1.19,1.32,1.41,0.21,0.2,0.21,0.13,0.958,1.4,0.9546666666666667,MF_DEF,4.2,3.8,19
Dženan Pejčinović,FW,Wolfsburg,GER-Bundesliga,1460,16.22,30,54.1,0.49,0.0,3.14,0.451,0.55,0.31,0.43,1.36,0.31,1.41,0.51,0.1,0.51,0.49,0.958,1.1,0.9866666666666667,MF_OFF,4.4,4.2,20
Jan Bürger,MF,Wolfsburg,GER-Bundesliga,247,2.74,7,39.2,0.0,0.0,0.73,0.5,1.09,0.0,1.82,1.46,2.19,1.41,0.02,0.05,0.02,0.0,0.958,1.7,0.5823333333333334,MF_DEF,,,18
Kento Shiogai,MF,Wolfsburg,GER-Bundesliga,318,3.53,12,29.4,0.28,0.0,2.55,0.667,1.13,0.85,0.85,2.27,0.28,1.41,0.53,0.16,0.53,0.28,0.958,1.1,0.606,MF_DEF,,,20
Honest Ahanor,DF,Atalanta,ITA-Serie A,1377,15.3,22,69.5,0.0,0.0,0.85,0.308,1.31,1.57,1.83,1.57,0.13,1.53,0.16,0.01,0.16,0.0,0.931,2.0,0.9590000000000001,MF_DEF,5.2,4.6,17
Eivind Helland,DF,Bologna,ITA-Serie A,484,5.38,6,89.6,0.0,0.0,0.19,0.0,0.93,1.3,0.19,0.93,0.0,1.42,0.02,0.03,0.02,0.0,0.956,1.1,0.6613333333333333,MF_DEF,,,20
Santiago Castro,FW,Bologna,ITA-Serie A,2359,26.21,35,74.9,0.27,0.08,2.4,0.317,0.31,0.04,1.91,1.34,0.15,1.42,0.32,0.1,0.32,0.27,0.956,1.1,1.0,MF_OFF,3.9,3.7,20
Joseph Liteta,MF,Cagliari,ITA-Serie A,264,2.93,4,73.3,0.0,0.0,0.0,,0.68,2.73,0.0,1.37,0.0,1.11,0.0,0.0,0.0,0.0,1.028,1.4,0.588,MF_DEF,,,19
Juan Rodríguez,DF,Cagliari,ITA-Serie A,1310,14.56,17,85.6,0.07,0.0,0.21,0.667,1.85,1.17,0.55,1.03,0.34,1.11,0.08,0.0,0.08,0.07,1.028,1.1,0.9366666666666666,MF_DEF,4.2,4.0,20
Marco Palestra,MF,Cagliari,ITA-Serie A,3081,34.23,37,92.5,0.03,0.12,0.85,0.241,1.02,0.56,3.16,1.2,3.1,1.11,0.05,0.13,0.05,0.03,1.028,1.1,1.0,MF_DEF,4.4,4.5,20
Paul Mendy,FW,Cagliari,ITA-Serie A,335,3.72,9,41.4,0.54,0.0,4.03,0.2,0.0,0.27,1.08,3.23,0.54,1.11,0.64,0.07,0.64,0.54,1.028,1.7,0.6116666666666667,MF_OFF,4.7,3.0,18
Riyad Idrissi,MF,Cagliari,ITA-Serie A,783,8.7,23,37.8,0.23,0.0,0.69,1.0,1.72,1.03,0.69,1.03,2.64,1.11,0.09,0.03,0.09,0.23,1.028,1.1,0.761,MF_DEF,3.9,3.1,20
Semih Kılıçsoy,FW,Cagliari,ITA-Serie A,975,10.83,22,49.2,0.37,0.0,1.57,0.471,0.37,0.09,1.39,1.29,0.09,1.11,0.19,0.04,0.19,0.37,1.028,1.4,0.825,MF_OFF,3.8,3.2,19
Assane Diao,MF,Como,ITA-Serie A,1075,11.94,17,70.3,0.17,0.08,2.6,0.323,0.42,0.34,3.27,1.26,2.26,0.89,0.27,0.14,0.27,0.17,1.078,1.4,0.8583333333333334,MF_OFF,5.5,5.1,19
Jacobo Ramón,DF,Como,ITA-Serie A,2742,30.47,32,95.2,0.07,0.0,1.28,0.231,1.05,1.25,0.39,1.08,0.36,0.89,0.18,0.03,0.18,0.07,1.078,1.1,1.0,MF_DEF,3.8,4.1,20
Jayden Addai,MF,Como,ITA-Serie A,686,7.62,12,63.5,0.39,0.0,1.71,0.462,0.26,0.26,1.84,1.71,1.31,0.89,0.2,0.13,0.2,0.39,1.078,1.4,0.7286666666666667,MF_OFF,4.7,3.7,19
Jesus Rodríguez,MF,Como,ITA-Serie A,1731,19.23,31,62.0,0.1,0.47,2.34,0.267,0.88,0.21,1.66,1.25,2.96,0.89,0.2,0.36,0.2,0.1,1.078,1.4,1.0,MF_OFF,5.6,6.0,19
Nicolás Paz,MF,Como,ITA-Serie A,2878,31.98,35,91.4,0.38,0.19,3.78,0.397,1.75,0.84,1.28,1.69,1.97,0.89,0.28,0.22,0.23,0.38,1.078,1.1,1.0,MF_DEF,4.5,4.9,20
Luís Balbo,DF,Fiorentina,ITA-Serie A,212,2.36,6,39.3,0.0,0.0,0.0,,2.12,0.42,2.54,0.85,2.12,1.58,0.0,0.02,0.0,0.0,0.919,1.4,0.5706666666666667,MF_DEF,,,19
Niccolò Fortini,MF,Fiorentina,ITA-Serie A,541,6.01,16,37.6,0.0,0.0,1.33,0.25,1.5,0.67,3.0,0.83,4.83,1.58,0.04,0.08,0.04,0.0,0.919,1.4,0.6803333333333333,MF_DEF,4.6,2.9,19
Pietro Comuzzo,DF,Fiorentina,ITA-Serie A,1696,18.84,27,69.8,0.05,0.0,0.53,0.2,0.85,1.27,0.21,1.27,0.05,1.58,0.04,0.0,0.04,0.05,0.919,1.1,1.0,MF_DEF,3.6,3.3,20
Amorim,MF,Genoa,ITA-Serie A,552,6.13,11,55.8,0.0,0.0,0.33,0.0,0.98,1.14,2.94,1.14,2.61,1.16,0.02,0.12,0.02,0.0,1.016,1.1,0.6839999999999999,MF_DEF,4.5,3.1,20
Jeff Ekhator,FW,Genoa,ITA-Serie A,956,10.62,30,35.4,0.28,0.0,1.88,0.25,0.75,0.19,1.79,1.88,0.85,1.16,0.3,0.08,0.3,0.28,1.016,1.7,0.8186666666666667,MF_DEF,3.5,2.9,18
Lorenzo Venturino,FW,Genoa,ITA-Serie A,247,2.74,12,22.9,0.0,0.0,1.82,0.2,0.0,0.0,1.09,0.36,13.14,1.16,0.11,0.32,0.11,0.0,1.016,1.4,0.5823333333333334,MF_OFF,,,19
Valentin Carboni,MF,Genoa,ITA-Serie A,359,3.99,12,33.2,0.0,0.0,1.5,0.333,2.01,0.5,1.25,2.76,1.75,1.16,0.16,0.08,0.16,0.0,1.016,1.1,0.6196666666666667,MF_DEF,,,20
Fallou Cham,MF,Hellas Verona,ITA-Serie A,228,2.53,6,42.2,0.0,0.0,1.98,0.4,3.56,1.58,1.98,2.77,3.95,0.95,0.14,0.2,0.14,0.0,1.065,1.4,0.576,MF_DEF,,,19
Tobias Slotsager,DF,Hellas Verona,ITA-Serie A,446,4.96,8,61.9,0.0,0.0,0.6,0.333,1.41,0.6,1.01,0.6,0.4,0.95,0.03,0.0,0.03,0.0,1.065,1.4,0.6486666666666667,MF_DEF,,,19
Francesco Esposito,FW,Inter,ITA-Serie A,1571,17.46,35,49.9,0.4,0.17,3.26,0.404,0.29,0.29,2.86,1.66,0.23,2.42,0.56,0.12,0.56,0.4,0.725,1.1,1.0,MF_OFF,4.6,3.3,20
Kenan Yıldız,MF,Juventus,ITA-Serie A,2825,31.39,36,87.2,0.32,0.19,3.09,0.412,0.45,0.22,1.78,0.73,3.89,2.0,0.27,0.34,0.23,0.29,0.822,1.1,1.0,MF_OFF,6.1,5.0,20
Francesco Camarda,FW,Lecce,ITA-Serie A,687,7.63,21,36.3,0.13,0.0,2.1,0.188,0.13,0.0,0.52,1.57,0.13,1.0,0.31,0.08,0.21,0.13,1.053,2.0,0.729,MF_OFF,3.2,2.5,17
Tiago Gabriel,DF,Lecce,ITA-Serie A,3219,35.77,37,96.7,0.06,0.0,0.56,0.2,1.12,1.29,1.12,0.81,0.06,1.0,0.11,0.0,0.11,0.06,1.053,1.1,1.0,MF_DEF,4.0,4.2,20
Davide Bartesaghi,MF,Milan,ITA-Serie A,2441,27.12,31,87.5,0.07,0.0,0.81,0.318,1.29,0.55,0.52,0.66,5.13,1.89,0.05,0.14,0.05,0.07,0.848,1.4,1.0,MF_DEF,4.1,3.5,19
Zachary Athekame,MF,Milan,ITA-Serie A,833,9.26,27,34.3,0.22,0.22,1.4,0.308,0.86,0.43,1.3,1.73,4.97,1.89,0.04,0.17,0.04,0.22,0.848,1.1,0.7776666666666667,MF_OFF,4.3,2.8,20
Sascha Britschgi,MF,Parma,ITA-Serie A,2095,23.28,29,80.3,0.0,0.09,0.56,0.231,0.77,0.34,0.99,0.77,2.06,1.05,0.02,0.09,0.02,0.0,1.042,1.7,1.0,MF_DEF,3.6,3.8,18
Ebenezer Akinsanmiro,MF,Pisa,ITA-Serie A,1444,16.04,24,66.9,0.0,0.06,0.81,0.231,1.56,1.68,1.75,1.87,0.56,0.74,0.07,0.1,0.07,0.0,1.113,1.1,0.9813333333333334,MF_DEF,4.9,5.4,20
Francesco Coppola,DF,Pisa,ITA-Serie A,458,5.09,7,72.7,0.0,0.0,0.39,0.0,0.98,0.98,1.57,1.38,0.39,0.74,0.02,0.0,0.02,0.0,1.113,1.1,0.6526666666666667,MF_DEF,,,20
Rosen Bozhinov,DF,Pisa,ITA-Serie A,610,6.78,9,75.3,0.0,0.0,0.44,0.333,0.74,1.77,0.15,1.77,0.44,0.74,0.02,0.05,0.02,0.0,1.113,1.1,0.7033333333333334,MF_DEF,3.8,3.0,20
İsak Vural,MF,Pisa,ITA-Serie A,752,8.36,15,55.7,0.0,0.0,0.72,0.167,0.84,0.24,3.95,1.91,0.6,0.74,0.09,0.02,0.09,0.0,1.113,1.4,0.7506666666666666,MF_DEF,3.8,3.2,19
Evan Ferguson,FW,Roma,ITA-Serie A,773,8.59,16,53.7,0.35,0.23,3.14,0.556,0.47,0.12,1.05,1.28,0.23,1.68,0.41,0.2,0.41,0.35,0.896,1.1,0.7576666666666667,MF_OFF,4.6,3.1,20
Jan Ziółkowski,DF,Roma,ITA-Serie A,517,5.74,18,31.9,0.0,0.0,0.35,0.0,2.44,1.22,1.39,2.09,0.0,1.68,0.02,0.01,0.02,0.0,0.896,1.1,0.6723333333333333,MF_DEF,4.5,2.7,20
Niccolò Pisilli,MF,Roma,ITA-Serie A,1295,14.39,25,57.6,0.14,0.28,1.32,0.263,0.9,1.67,0.28,1.39,1.04,1.68,0.16,0.15,0.16,0.14,0.896,1.1,0.9316666666666666,MF_DEF,4.2,3.5,20
Luca Lipani,MF,Sassuolo,ITA-Serie A,1034,11.49,24,47.9,0.0,0.09,1.04,0.25,1.48,1.31,0.7,2.44,0.44,0.84,0.08,0.1,0.08,0.0,1.09,1.1,0.8446666666666667,MF_DEF,4.1,3.8,20
Alieu Njie,MF,Torino,ITA-Serie A,299,3.32,15,22.1,0.3,0.3,1.81,0.5,0.6,0.0,2.41,2.41,1.2,1.32,0.36,0.05,0.36,0.3,0.979,1.1,0.5996666666666667,MF_OFF,,,20
Iker Bravo,FW,Udinese,ITA-Serie A,206,2.29,8,28.6,0.44,0.0,1.75,0.25,0.44,0.0,0.44,1.31,1.75,1.21,0.2,0.1,0.2,0.44,1.005,1.1,0.5686666666666667,MF_OFF,,,20
Lennon Miller,MF,Udinese,ITA-Serie A,996,11.07,24,46.1,0.0,0.18,0.81,0.111,1.08,0.81,1.54,1.26,2.89,1.21,0.03,0.12,0.03,0.0,1.005,1.7,0.8320000000000001,MF_DEF,4.2,3.5,18
